frame60,ms,ring1InsetFraction,ring1Opacity,ring2InsetFraction,ring2Opacity,boundaryOpacity,reducedBoundaryOpacity
0,0.0,0,0.12,0,0,0,0.0
1,16.6667,0.002408,0.117917,0,0,0,0.006667
2,33.3333,0.008547,0.115833,0,0,0,0.013333
3,50.0,0.017039,0.11375,0,0,0,0.02
4,66.6667,0.026805,0.111667,0,0,0,0.026667
5,83.3333,0.037023,0.109583,0,0,0,0.033333
6,100.0,0.047097,0.1075,0,0,0,0.04
7,116.6667,0.05661,0.105417,0,0,0,0.046667
8,133.3333,0.065294,0.103333,0,0,0,0.053333
9,150.0,0.072999,0.10125,0,0,0,0.06
10,166.6667,0.079663,0.099167,0,0,0,0.06
11,183.3333,0.085288,0.097083,0,0,0,0.06
12,200.0,0.089925,0.095,0,0,0,0.06
13,216.6667,0.093655,0.092917,0,0,0,0.06
14,233.3333,0.096574,0.090833,0,0,0,0.06
15,250.0,0.098789,0.08875,0.000909,0.11875,0,0.06
16,266.6667,0.1,0.086667,0.005739,0.116667,0,0.06
17,283.3333,0.1,0.084583,0.013435,0.114583,0,0.06
18,300.0,0.1,0.0825,0.022803,0.1125,0,0.06
19,316.6667,0.1,0.080417,0.032924,0.110417,0,0.06
20,333.3333,0.1,0.078333,0.043115,0.108333,0,0.06
21,350.0,0.1,0.07625,0.052892,0.10625,0,0.06
22,366.6667,0.1,0.074167,0.061932,0.104167,0,0.06
23,383.3333,0.1,0.072083,0.07004,0.102083,0,0.06
24,400.0,0.1,0.07,0.077123,0.1,0,0.06
25,416.6667,0.1,0.067917,0.08316,0.097917,0,0.06
26,433.3333,0.1,0.065833,0.088184,0.095833,0,0.06
27,450.0,0.1,0.06375,0.092266,0.09375,0,0.06
28,466.6667,0.1,0.061667,0.095497,0.091667,0,0.06
29,483.3333,0.1,0.059583,0.097981,0.089583,0,0.06
30,500.0,0.1,0.0575,0.099825,0.0875,0,0.06
31,516.6667,0.1,0.055417,0.1,0.085417,0,0.06
32,533.3333,0.1,0.053333,0.1,0.083333,0,0.06
33,550.0,0.1,0.05125,0.1,0.08125,0,0.06
34,566.6667,0.1,0.049167,0.1,0.079167,0,0.06
35,583.3333,0.1,0.047083,0.1,0.077083,0,0.06
36,600.0,0.1,0.045,0.1,0.075,0,0.06
37,616.6667,0.099968,0.042917,0.1,0.072917,0,0.06
38,633.3333,0.099943,0.040833,0.1,0.070833,0,0.06
39,650.0,0.099928,0.03875,0.1,0.06875,0,0.06
40,666.6667,0.099921,0.036667,0.1,0.066667,0,0.06
41,683.3333,0.09992,0.034583,0.1,0.064583,0,0.06
42,700.0,0.099922,0.0325,0.1,0.0625,0,0.06
43,716.6667,0.099927,0.030417,0.1,0.060417,0,0.06
44,733.3333,0.099935,0.028333,0.1,0.058333,0,0.06
45,750.0,0.099943,0.02625,0.1,0.05625,0,0.06
46,766.6667,0.099951,0.024167,0.1,0.054167,0,0.06
47,783.3333,0.099959,0.022083,0.1,0.052083,0,0.06
48,800.0,0.099966,0.02,0.1,0.05,0,0.06
49,816.6667,0.099973,0.017917,0.1,0.047917,0,0.06
50,833.3333,0.099979,0.015833,0.1,0.045833,0,0.06
51,850.0,0.099985,0.01375,0.099981,0.04375,0,0.06
52,866.6667,0.099989,0.011667,0.099952,0.041667,0,0.06
53,883.3333,0.099992,0.009583,0.099933,0.039583,0,0.06
54,900.0,0.099995,0.0075,0.099923,0.0375,0,0.06
55,916.6667,0.099998,0.005417,0.09992,0.035417,0,0.06
56,933.3333,0.099999,0.003333,0.099921,0.033333,0,0.06
57,950.0,0.1,0.00125,0.099925,0.03125,0,0.06
58,966.6667,0.1,0,0.099932,0.029167,0,0.06
59,983.3333,0.1,0,0.099939,0.027083,0,0.06
60,1000.0,0.1,0,0.099947,0.025,0,0.06
61,1016.6667,0.1,0,0.099956,0.022917,0,0.06
62,1033.3333,0.1,0,0.099963,0.020833,0,0.06
63,1050.0,0.1,0,0.099971,0.01875,0,0.06
64,1066.6667,0.1,0,0.099977,0.016667,0,0.06
65,1083.3333,0.1,0,0.099983,0.014583,0,0.06
66,1100.0,0.1,0,0.099987,0.0125,0,0.06
67,1116.6667,0.1,0,0.099991,0.010417,0,0.06
68,1133.3333,0.1,0,0.099994,0.008333,0,0.06
69,1150.0,0.1,0,0.099997,0.00625,0,0.06
70,1166.6667,0.1,0,0.099999,0.004167,0,0.06
71,1183.3333,0.1,0,0.1,0.002083,0,0.06
72,1200.0,0.1,0,0.1,0,0.04,0.06
73,1216.6667,0.1,0,0.1,0,0.040007,0.06
74,1233.3333,0.1,0,0.1,0,0.040027,0.06
75,1250.0,0.1,0,0.1,0,0.040062,0.06
76,1266.6667,0.1,0,0.1,0,0.04011,0.06
77,1283.3333,0.1,0,0.1,0,0.040171,0.06
78,1300.0,0.1,0,0.1,0,0.040246,0.06
79,1316.6667,0.1,0,0.1,0,0.040335,0.06
80,1333.3333,0.1,0,0.1,0,0.040437,0.06
81,1350.0,0.1,0,0.1,0,0.040553,0.06
82,1366.6667,0.1,0,0.1,0,0.040681,0.06
83,1383.3333,0.1,0,0.1,0,0.040824,0.06
84,1400.0,0.1,0,0.1,0,0.040979,0.06
85,1416.6667,0.1,0,0.1,0,0.041147,0.06
86,1433.3333,0.1,0,0.1,0,0.041328,0.06
87,1450.0,0.1,0,0.1,0,0.041522,0.06
88,1466.6667,0.1,0,0.1,0,0.041729,0.06
89,1483.3333,0.1,0,0.1,0,0.041948,0.06
90,1500.0,0.1,0,0.1,0,0.04218,0.06
91,1516.6667,0.1,0,0.1,0,0.042424,0.06
92,1533.3333,0.1,0,0.1,0,0.042679,0.06
93,1550.0,0.1,0,0.1,0,0.042947,0.06
94,1566.6667,0.1,0,0.1,0,0.043227,0.06
95,1583.3333,0.1,0,0.1,0,0.043517,0.06
96,1600.0,0.1,0,0.1,0,0.04382,0.06
97,1616.6667,0.1,0,0.1,0,0.044133,0.06
98,1633.3333,0.1,0,0.1,0,0.044457,0.06
99,1650.0,0.1,0,0.1,0,0.044792,0.06
100,1666.6667,0.1,0,0.1,0,0.045137,0.06
101,1683.3333,0.1,0,0.1,0,0.045493,0.06
102,1700.0,0.1,0,0.1,0,0.045858,0.06
103,1716.6667,0.1,0,0.1,0,0.046233,0.06
104,1733.3333,0.1,0,0.1,0,0.046617,0.06
105,1750.0,0.1,0,0.1,0,0.047011,0.06
106,1766.6667,0.1,0,0.1,0,0.047414,0.06
107,1783.3333,0.1,0,0.1,0,0.047825,0.06
108,1800.0,0.1,0,0.1,0,0.048244,0.06
109,1816.6667,0.1,0,0.1,0,0.048672,0.06
110,1833.3333,0.1,0,0.1,0,0.049107,0.06
111,1850.0,0.1,0,0.1,0,0.04955,0.06
112,1866.6667,0.1,0,0.1,0,0.05,0.06
113,1883.3333,0.1,0,0.1,0,0.050457,0.06
114,1900.0,0.1,0,0.1,0,0.05092,0.06
115,1916.6667,0.1,0,0.1,0,0.05139,0.06
116,1933.3333,0.1,0,0.1,0,0.051865,0.06
117,1950.0,0.1,0,0.1,0,0.052346,0.06
118,1966.6667,0.1,0,0.1,0,0.052833,0.06
119,1983.3333,0.1,0,0.1,0,0.053324,0.06
120,2000.0,0.1,0,0.1,0,0.05382,0.06
121,2016.6667,0.1,0,0.1,0,0.05432,0.06
122,2033.3333,0.1,0,0.1,0,0.054824,0.06
123,2050.0,0.1,0,0.1,0,0.055331,0.06
124,2066.6667,0.1,0,0.1,0,0.055842,0.06
125,2083.3333,0.1,0,0.1,0,0.056355,0.06
126,2100.0,0.1,0,0.1,0,0.056871,0.06
127,2116.6667,0.1,0,0.1,0,0.057389,0.06
128,2133.3333,0.1,0,0.1,0,0.057909,0.06
129,2150.0,0.1,0,0.1,0,0.058431,0.06
130,2166.6667,0.1,0,0.1,0,0.058953,0.06
131,2183.3333,0.1,0,0.1,0,0.059476,0.06
132,2200.0,0.1,0,0.1,0,0.06,0.06
133,2216.6667,0.1,0,0.1,0,0.060524,0.06
134,2233.3333,0.1,0,0.1,0,0.061047,0.06
135,2250.0,0.1,0,0.1,0,0.061569,0.06
136,2266.6667,0.1,0,0.1,0,0.062091,0.06
137,2283.3333,0.1,0,0.1,0,0.062611,0.06
138,2300.0,0.1,0,0.1,0,0.063129,0.06
139,2316.6667,0.1,0,0.1,0,0.063645,0.06
140,2333.3333,0.1,0,0.1,0,0.064158,0.06
141,2350.0,0.1,0,0.1,0,0.064669,0.06
142,2366.6667,0.1,0,0.1,0,0.065176,0.06
143,2383.3333,0.1,0,0.1,0,0.06568,0.06
144,2400.0,0.1,0,0.1,0,0.06618,0.06
145,2416.6667,0.1,0,0.1,0,0.066676,0.06
146,2433.3333,0.1,0,0.1,0,0.067167,0.06
147,2450.0,0.1,0,0.1,0,0.067654,0.06
148,2466.6667,0.1,0,0.1,0,0.068135,0.06
149,2483.3333,0.1,0,0.1,0,0.06861,0.06
150,2500.0,0.1,0,0.1,0,0.06908,0.06
151,2516.6667,0.1,0,0.1,0,0.069543,0.06
152,2533.3333,0.1,0,0.1,0,0.07,0.06
153,2550.0,0.1,0,0.1,0,0.07045,0.06
154,2566.6667,0.1,0,0.1,0,0.070893,0.06
155,2583.3333,0.1,0,0.1,0,0.071328,0.06
156,2600.0,0.1,0,0.1,0,0.071756,0.06
157,2616.6667,0.1,0,0.1,0,0.072175,0.06
158,2633.3333,0.1,0,0.1,0,0.072586,0.06
159,2650.0,0.1,0,0.1,0,0.072989,0.06
160,2666.6667,0.1,0,0.1,0,0.073383,0.06
161,2683.3333,0.1,0,0.1,0,0.073767,0.06
162,2700.0,0.1,0,0.1,0,0.074142,0.06
163,2716.6667,0.1,0,0.1,0,0.074507,0.06
164,2733.3333,0.1,0,0.1,0,0.074863,0.06
165,2750.0,0.1,0,0.1,0,0.075208,0.06
166,2766.6667,0.1,0,0.1,0,0.075543,0.06
167,2783.3333,0.1,0,0.1,0,0.075867,0.06
168,2800.0,0.1,0,0.1,0,0.07618,0.06
169,2816.6667,0.1,0,0.1,0,0.076483,0.06
170,2833.3333,0.1,0,0.1,0,0.076773,0.06
171,2850.0,0.1,0,0.1,0,0.077053,0.06
172,2866.6667,0.1,0,0.1,0,0.077321,0.06
173,2883.3333,0.1,0,0.1,0,0.077576,0.06
174,2900.0,0.1,0,0.1,0,0.07782,0.06
175,2916.6667,0.1,0,0.1,0,0.078052,0.06
176,2933.3333,0.1,0,0.1,0,0.078271,0.06
177,2950.0,0.1,0,0.1,0,0.078478,0.06
178,2966.6667,0.1,0,0.1,0,0.078672,0.06
179,2983.3333,0.1,0,0.1,0,0.078853,0.06
180,3000.0,0.1,0,0.1,0,0.079021,0.06
181,3016.6667,0.1,0,0.1,0,0.079176,0.06
182,3033.3333,0.1,0,0.1,0,0.079319,0.06
183,3050.0,0.1,0,0.1,0,0.079447,0.06
184,3066.6667,0.1,0,0.1,0,0.079563,0.06
185,3083.3333,0.1,0,0.1,0,0.079665,0.06
186,3100.0,0.1,0,0.1,0,0.079754,0.06
187,3116.6667,0.1,0,0.1,0,0.079829,0.06
188,3133.3333,0.1,0,0.1,0,0.07989,0.06
189,3150.0,0.1,0,0.1,0,0.079938,0.06
190,3166.6667,0.1,0,0.1,0,0.079973,0.06
191,3183.3333,0.1,0,0.1,0,0.079993,0.06
192,3200.0,0.1,0,0.1,0,0.08,0.06
193,3216.6667,0.1,0,0.1,0,0.079993,0.06
194,3233.3333,0.1,0,0.1,0,0.079973,0.06
195,3250.0,0.1,0,0.1,0,0.079938,0.06
196,3266.6667,0.1,0,0.1,0,0.07989,0.06
197,3283.3333,0.1,0,0.1,0,0.079829,0.06
198,3300.0,0.1,0,0.1,0,0.079754,0.06
199,3316.6667,0.1,0,0.1,0,0.079665,0.06
200,3333.3333,0.1,0,0.1,0,0.079563,0.06
201,3350.0,0.1,0,0.1,0,0.079447,0.06
202,3366.6667,0.1,0,0.1,0,0.079319,0.06
203,3383.3333,0.1,0,0.1,0,0.079176,0.06
204,3400.0,0.1,0,0.1,0,0.079021,0.06
205,3416.6667,0.1,0,0.1,0,0.078853,0.06
206,3433.3333,0.1,0,0.1,0,0.078672,0.06
207,3450.0,0.1,0,0.1,0,0.078478,0.06
208,3466.6667,0.1,0,0.1,0,0.078271,0.06
209,3483.3333,0.1,0,0.1,0,0.078052,0.06
210,3500.0,0.1,0,0.1,0,0.07782,0.06
211,3516.6667,0.1,0,0.1,0,0.077576,0.06
212,3533.3333,0.1,0,0.1,0,0.077321,0.06
213,3550.0,0.1,0,0.1,0,0.077053,0.06
214,3566.6667,0.1,0,0.1,0,0.076773,0.06
215,3583.3333,0.1,0,0.1,0,0.076483,0.06
216,3600.0,0.1,0,0.1,0,0.07618,0.06
217,3616.6667,0.1,0,0.1,0,0.075867,0.06
218,3633.3333,0.1,0,0.1,0,0.075543,0.06
219,3650.0,0.1,0,0.1,0,0.075208,0.06
220,3666.6667,0.1,0,0.1,0,0.074863,0.06
221,3683.3333,0.1,0,0.1,0,0.074507,0.06
222,3700.0,0.1,0,0.1,0,0.074142,0.06
223,3716.6667,0.1,0,0.1,0,0.073767,0.06
224,3733.3333,0.1,0,0.1,0,0.073383,0.06
225,3750.0,0.1,0,0.1,0,0.072989,0.06
226,3766.6667,0.1,0,0.1,0,0.072586,0.06
227,3783.3333,0.1,0,0.1,0,0.072175,0.06
228,3800.0,0.1,0,0.1,0,0.071756,0.06
229,3816.6667,0.1,0,0.1,0,0.071328,0.06
230,3833.3333,0.1,0,0.1,0,0.070893,0.06
231,3850.0,0.1,0,0.1,0,0.07045,0.06
232,3866.6667,0.1,0,0.1,0,0.07,0.06
233,3883.3333,0.1,0,0.1,0,0.069543,0.06
234,3900.0,0.1,0,0.1,0,0.06908,0.06
235,3916.6667,0.1,0,0.1,0,0.06861,0.06
236,3933.3333,0.1,0,0.1,0,0.068135,0.06
237,3950.0,0.1,0,0.1,0,0.067654,0.06
238,3966.6667,0.1,0,0.1,0,0.067167,0.06
239,3983.3333,0.1,0,0.1,0,0.066676,0.06
240,4000.0,0.1,0,0.1,0,0.06618,0.06
241,4016.6667,0.1,0,0.1,0,0.06568,0.06
242,4033.3333,0.1,0,0.1,0,0.065176,0.06
243,4050.0,0.1,0,0.1,0,0.064669,0.06
244,4066.6667,0.1,0,0.1,0,0.064158,0.06
245,4083.3333,0.1,0,0.1,0,0.063645,0.06
246,4100.0,0.1,0,0.1,0,0.063129,0.06
247,4116.6667,0.1,0,0.1,0,0.062611,0.06
248,4133.3333,0.1,0,0.1,0,0.062091,0.06
249,4150.0,0.1,0,0.1,0,0.061569,0.06
250,4166.6667,0.1,0,0.1,0,0.061047,0.06
251,4183.3333,0.1,0,0.1,0,0.060524,0.06
252,4200.0,0.1,0,0.1,0,0.06,0.06
253,4216.6667,0.1,0,0.1,0,0.059476,0.06
254,4233.3333,0.1,0,0.1,0,0.058953,0.06
255,4250.0,0.1,0,0.1,0,0.058431,0.06
256,4266.6667,0.1,0,0.1,0,0.057909,0.06
257,4283.3333,0.1,0,0.1,0,0.057389,0.06
258,4300.0,0.1,0,0.1,0,0.056871,0.06
259,4316.6667,0.1,0,0.1,0,0.056355,0.06
260,4333.3333,0.1,0,0.1,0,0.055842,0.06
261,4350.0,0.1,0,0.1,0,0.055331,0.06
262,4366.6667,0.1,0,0.1,0,0.054824,0.06
263,4383.3333,0.1,0,0.1,0,0.05432,0.06
264,4400.0,0.1,0,0.1,0,0.05382,0.06
265,4416.6667,0.1,0,0.1,0,0.053324,0.06
266,4433.3333,0.1,0,0.1,0,0.052833,0.06
267,4450.0,0.1,0,0.1,0,0.052346,0.06
268,4466.6667,0.1,0,0.1,0,0.051865,0.06
269,4483.3333,0.1,0,0.1,0,0.05139,0.06
270,4500.0,0.1,0,0.1,0,0.05092,0.06
271,4516.6667,0.1,0,0.1,0,0.050457,0.06
272,4533.3333,0.1,0,0.1,0,0.05,0.06
273,4550.0,0.1,0,0.1,0,0.04955,0.06
274,4566.6667,0.1,0,0.1,0,0.049107,0.06
275,4583.3333,0.1,0,0.1,0,0.048672,0.06
276,4600.0,0.1,0,0.1,0,0.048244,0.06
277,4616.6667,0.1,0,0.1,0,0.047825,0.06
278,4633.3333,0.1,0,0.1,0,0.047414,0.06
279,4650.0,0.1,0,0.1,0,0.047011,0.06
280,4666.6667,0.1,0,0.1,0,0.046617,0.06
281,4683.3333,0.1,0,0.1,0,0.046233,0.06
282,4700.0,0.1,0,0.1,0,0.045858,0.06
283,4716.6667,0.1,0,0.1,0,0.045493,0.06
284,4733.3333,0.1,0,0.1,0,0.045137,0.06
285,4750.0,0.1,0,0.1,0,0.044792,0.06
286,4766.6667,0.1,0,0.1,0,0.044457,0.06
287,4783.3333,0.1,0,0.1,0,0.044133,0.06
288,4800.0,0.1,0,0.1,0,0.04382,0.06
289,4816.6667,0.1,0,0.1,0,0.043517,0.06
290,4833.3333,0.1,0,0.1,0,0.043227,0.06
291,4850.0,0.1,0,0.1,0,0.042947,0.06
292,4866.6667,0.1,0,0.1,0,0.042679,0.06
293,4883.3333,0.1,0,0.1,0,0.042424,0.06
294,4900.0,0.1,0,0.1,0,0.04218,0.06
295,4916.6667,0.1,0,0.1,0,0.041948,0.06
296,4933.3333,0.1,0,0.1,0,0.041729,0.06
297,4950.0,0.1,0,0.1,0,0.041522,0.06
298,4966.6667,0.1,0,0.1,0,0.041328,0.06
299,4983.3333,0.1,0,0.1,0,0.041147,0.06
300,5000.0,0.1,0,0.1,0,0.040979,0.06
301,5016.6667,0.1,0,0.1,0,0.040824,0.06
302,5033.3333,0.1,0,0.1,0,0.040681,0.06
303,5050.0,0.1,0,0.1,0,0.040553,0.06
304,5066.6667,0.1,0,0.1,0,0.040437,0.06
305,5083.3333,0.1,0,0.1,0,0.040335,0.06
306,5100.0,0.1,0,0.1,0,0.040246,0.06
307,5116.6667,0.1,0,0.1,0,0.040171,0.06
308,5133.3333,0.1,0,0.1,0,0.04011,0.06
309,5150.0,0.1,0,0.1,0,0.040062,0.06
310,5166.6667,0.1,0,0.1,0,0.040027,0.06
311,5183.3333,0.1,0,0.1,0,0.040007,0.06
312,5200.0,0.1,0,0.1,0,0.06,0.06
313,5216.6667,0.1,0,0.1,0,0.053333,0.053333
314,5233.3333,0.1,0,0.1,0,0.046667,0.046667
315,5250.0,0.1,0,0.1,0,0.04,0.04
316,5266.6667,0.1,0,0.1,0,0.033333,0.033333
317,5283.3333,0.1,0,0.1,0,0.026667,0.026667
318,5300.0,0.1,0,0.1,0,0.02,0.02
319,5316.6667,0.1,0,0.1,0,0.013333,0.013333
320,5333.3333,0.1,0,0.1,0,0.006667,0.006667
321,5350.0,0.1,0,0.1,0,0.0,0.0
322,5366.6667,0.1,0,0.1,0,0.0,0.0
323,5383.3333,0.1,0,0.1,0,0.0,0.0
324,5400.0,0.1,0,0.1,0,0.0,0.0
325,5416.6667,0.1,0,0.1,0,0.0,0.0
326,5433.3333,0.1,0,0.1,0,0.0,0.0
327,5450.0,0.1,0,0.1,0,0.0,0.0
328,5466.6667,0.1,0,0.1,0,0.0,0.0
329,5483.3333,0.1,0,0.1,0,0.0,0.0
330,5500.0,0.1,0,0.1,0,0.0,0.0
331,5516.6667,0.1,0,0.1,0,0.0,0.0
332,5533.3333,0.1,0,0.1,0,0.0,0.0
333,5550.0,0.1,0,0.1,0,0.0,0.0
334,5566.6667,0.1,0,0.1,0,0.0,0.0
335,5583.3333,0.1,0,0.1,0,0.0,0.0
336,5600.0,0.1,0,0.1,0,0.0,0.0
337,5616.6667,0.1,0,0.1,0,0.0,0.0
338,5633.3333,0.1,0,0.1,0,0.0,0.0
339,5650.0,0.1,0,0.1,0,0.0,0.0
340,5666.6667,0.1,0,0.1,0,0.0,0.0
341,5683.3333,0.1,0,0.1,0,0.0,0.0
342,5700,0.1,0,0.1,0,0.0,0.0
