frame60,ms,outgoingY,outgoingAlpha,incomingX,incomingAlpha,reducedOutgoingAlpha,reducedIncomingAlpha
0,0.0,24.0,0,-12.0,0,0,0
1,16.6667,23.101683,0.111111,-12.0,0,0.111111,0
2,33.3333,20.99025,0.222222,-12.0,0,0.222222,0
3,50.0,18.315922,0.333333,-12.0,0,0.333333,0
4,66.6667,15.496831,0.444444,-12.0,0,0.444444,0
5,83.3333,12.786943,0.555556,-12.0,0,0.555556,0
6,100.0,10.326965,0.666667,-12.0,0,0.666667,0
7,116.6667,8.181842,0.777778,-12.0,0,0.777778,0
8,133.3333,6.367845,0.888889,-12.0,0,0.888889,0
9,150.0,4.871719,1,-12.0,0,1,0
10,166.6667,3.663888,1,-12.0,0,1,0
11,183.3333,2.707287,1,-12.0,0,1,0
12,200.0,1.963023,1,-12.0,0,1,0
13,216.6667,1.393811,1,-12.0,0,1,0
14,233.3333,0.965864,1,-12.0,0,1,0
15,250.0,0.649761,1,-12.0,0,1,0
16,266.6667,0.420645,1,-12.0,0,1,0
17,283.3333,0.258035,1,-12.0,0,1,0
18,300.0,0.14541,1,-12.0,0,1,0
19,316.6667,0.069693,1,-12.0,0,1,0
20,333.3333,0.020717,1,-12.0,0,1,0
21,350.0,-0.009288,1,-12.0,0,1,0
22,366.6667,-0.026161,1,-12.0,0,1,0
23,383.3333,-0.03421,1,-12.0,0,1,0
24,400.0,-0.036557,1,-12.0,0,1,0
25,416.6667,-0.035415,1,-12.0,0,1,0
26,433.3333,-0.032316,1,-12.0,0,1,0
27,450.0,-0.028286,1,-12.0,0,1,0
28,466.6667,-0.023992,1,-12.0,0,1,0
29,483.3333,-0.019837,1,-12.0,0,1,0
30,500.0,-0.01605,1,-12.0,0,1,0
31,516.6667,-0.012736,1,-12.0,0,1,0
32,533.3333,-0.009928,1,-12.0,0,1,0
33,550.0,-0.007607,1,-12.0,0,1,0
34,566.6667,-0.00573,1,-12.0,0,1,0
35,583.3333,-0.004241,1,-12.0,0,1,0
36,600.0,-0.00308,1,-12.0,0,1,0
37,616.6667,-0.002191,1,-12.0,0,1,0
38,633.3333,-0.001522,1,-12.0,0,1,0
39,650.0,-0.001027,1,-12.0,0,1,0
40,666.6667,-0.000667,1,-12.0,0,1,0
41,683.3333,-0.000412,1,-12.0,0,1,0
42,700.0,-0.000234,1,-12.0,0,1,0
43,716.6667,-0.000115,1,-12.0,0,1,0
44,733.3333,-3.7e-05,1,-12.0,0,1,0
45,750.0,1.1e-05,1,-12.0,0,1,0
46,766.6667,3.8e-05,1,-12.0,0,1,0
47,783.3333,5.1e-05,1,-12.0,0,1,0
48,800.0,5.6e-05,1,-12.0,0,1,0
49,816.6667,5.4e-05,1,-11.550841,0.111111,1,0.111111
50,833.3333,5e-05,1,-10.495125,0.222222,1,0.222222
51,850.0,4.4e-05,1,-9.157961,0.333333,1,0.333333
52,866.6667,3.7e-05,1,-7.748416,0.444444,1,0.444444
53,883.3333,3.1e-05,1,-6.393471,0.555556,1,0.555556
54,900.0,2.5e-05,1,-5.163482,0.666667,1,0.666667
55,916.6667,2e-05,1,-4.090921,0.777778,1,0.777778
56,933.3333,1.5e-05,1,-3.183923,0.888889,1,0.888889
57,950.0,1.2e-05,1,-2.435859,1,1,1
58,966.6667,9e-06,1,-1.831944,1,1,1
59,983.3333,7e-06,1,-1.353644,1,1,1
60,1000.0,5e-06,1,-0.981512,1,1,1
61,1016.6667,3e-06,1,-0.696905,1,1,1
62,1033.3333,2e-06,1,-0.482932,1,1,1
63,1050.0,2e-06,1,-0.32488,1,1,1
64,1066.6667,1e-06,1,-0.210322,1,1,1
65,1083.3333,1e-06,1,-0.129017,1,1,1
66,1100.0,0.0,1,-0.072705,1,1,1
67,1116.6667,0.0,1,-0.034846,1,1,1
68,1133.3333,0.0,1,-0.010358,1,1,1
69,1150.0,-0.0,1,0.004644,1,1,1
70,1166.6667,-0.0,1,0.01308,1,1,1
71,1183.3333,-0.0,1,0.017105,1,1,1
72,1200.0,-0.0,1,0.018279,1,1,1
73,1216.6667,-0.0,1,0.017708,1,1,1
74,1233.3333,-0.0,1,0.016158,1,1,1
75,1250.0,-0.0,1,0.014143,1,1,1
76,1266.6667,-0.0,1,0.011996,1,1,1
77,1283.3333,-0.0,1,0.009919,1,1,1
78,1300.0,-0.0,1,0.008025,1,1,1
79,1316.6667,-0.0,1,0.006368,1,1,1
80,1333.3333,-0.0,1,0.004964,1,1,1
81,1350.0,-0.0,1,0.003803,1,1,1
82,1366.6667,-0.0,1,0.002865,1,1,1
83,1383.3333,-0.0,1,0.00212,1,1,1
84,1400.0,-0.0,1,0.00154,1,1,1
85,1416.6667,-0.0,1,0.001096,1,1,1
86,1433.3333,-0.0,1,0.000761,1,1,1
87,1450.0,-0.0,1,0.000513,1,1,1
88,1466.6667,-0.0,1,0.000334,1,1,1
89,1483.3333,-0.0,1,0.000206,1,1,1
90,1500.0,-0.0,1,0.000117,1,1,1
91,1516.6667,-0.0,1,5.7e-05,1,1,1
92,1533.3333,-0.0,1,1.8e-05,1,1,1
93,1550.0,0.0,1,-6e-06,1,1,1
94,1566.6667,0.0,1,-1.9e-05,1,1,1
95,1583.3333,0.0,1,-2.6e-05,1,1,1
96,1600.0,0.0,1,-2.8e-05,1,1,1
97,1616.6667,0.0,1,-2.7e-05,1,1,1
98,1633.3333,0.0,1,-2.5e-05,1,1,1
99,1650.0,0.0,1,-2.2e-05,1,1,1
100,1666.6667,0.0,1,-1.9e-05,1,1,1
101,1683.3333,0.0,1,-1.5e-05,1,1,1
102,1700.0,0.0,1,-1.2e-05,1,1,1
103,1716.6667,0.0,1,-1e-05,1,1,1
104,1733.3333,0.0,1,-8e-06,1,1,1
105,1750.0,0.0,1,-6e-06,1,1,1
106,1766.6667,0.0,1,-4e-06,1,1,1
107,1783.3333,0.0,1,-3e-06,1,1,1
108,1800.0,0.0,1,-2e-06,1,1,1
109,1816.6667,0.0,1,-2e-06,1,1,1
110,1833.3333,0.0,1,-1e-06,1,1,1
111,1850.0,0.0,1,-1e-06,1,1,1
112,1866.6667,0.0,1,-1e-06,1,1,1
113,1883.3333,0.0,1,-0.0,1,1,1
114,1900,0.0,1,-0.0,1,1,1
115,1916.6667,0.0,1,-0.0,1,1,1
116,1933.3333,0.0,1,-0.0,1,1,1
117,1950.0,0.0,1,-0.0,1,1,1
118,1966.6667,0.0,1,-0.0,1,1,1
119,1983.3333,0.0,1,-0.0,1,1,1
120,2000.0,0.0,1,-0.0,1,1,1
121,2016.6667,0.0,1,-0.0,1,1,1
122,2033.3333,0.0,1,-0.0,1,1,1
123,2050.0,0.0,1,-0.0,1,1,1
124,2066.6667,0.0,1,-0.0,1,1,1
125,2083.3333,0.0,1,-0.0,1,1,1
126,2100.0,0.0,1,-0.0,1,1,1
127,2116.6667,0.0,1,-0.0,1,1,1
128,2133.3333,0.0,1,-0.0,1,1,1
129,2150.0,0.0,1,-0.0,1,1,1
130,2166.6667,0.0,1,-0.0,1,1,1
131,2183.3333,0.0,1,-0.0,1,1,1
132,2200.0,0.0,1,-0.0,1,1,1
133,2216.6667,0.0,1,-0.0,1,1,1
134,2233.3333,0.0,1,-0.0,1,1,1
135,2250.0,0.0,1,-0.0,1,1,1
136,2266.6667,0.0,1,-0.0,1,1,1
137,2283.3333,0.0,1,-0.0,1,1,1
138,2300.0,0.0,1,-0.0,1,1,1
139,2316.6667,0.0,1,-0.0,1,1,1
140,2333.3333,0.0,1,-0.0,1,1,1
141,2350.0,0.0,1,-0.0,1,1,1
142,2366.6667,0.0,1,-0.0,1,1,1
143,2383.3333,0.0,1,-0.0,1,1,1
144,2400.0,0.0,1,-0.0,1,1,1
145,2416.6667,0.0,1,-0.0,1,1,1
146,2433.3333,0.0,1,-0.0,1,1,1
147,2450.0,0.0,1,-0.0,1,1,1
148,2466.6667,0.0,1,-0.0,1,1,1
149,2483.3333,0.0,1,-0.0,1,1,1
150,2500.0,0.0,1,-0.0,1,1,1
151,2516.6667,0.0,1,-0.0,1,1,1
152,2533.3333,0.0,1,-0.0,1,1,1
153,2550.0,0.0,1,-0.0,1,1,1
154,2566.6667,0.0,1,-0.0,1,1,1
155,2583.3333,0.0,1,-0.0,1,1,1
156,2600.0,0.0,1,-0.0,1,1,1
157,2616.6667,0.0,1,-0.0,1,1,1
158,2633.3333,0.0,1,-0.0,1,1,1
159,2650.0,0.0,1,-0.0,1,1,1
160,2666.6667,0.0,1,-0.0,1,1,1
161,2683.3333,0.0,1,-0.0,1,1,1
162,2700.0,0.0,1,-0.0,1,1,1
163,2716.6667,0.0,1,-0.0,1,1,1
164,2733.3333,0.0,1,-0.0,1,1,1
165,2750.0,0.0,1,-0.0,1,1,1
166,2766.6667,0.0,1,-0.0,1,1,1
167,2783.3333,0.0,1,-0.0,1,1,1
168,2800.0,0.0,1,-0.0,1,1,1
169,2816.6667,0.0,1,-0.0,1,1,1
170,2833.3333,0.0,1,-0.0,1,1,1
171,2850.0,0.0,1,-0.0,1,1,1
172,2866.6667,0.0,1,-0.0,1,1,1
173,2883.3333,0.0,1,-0.0,1,1,1
174,2900.0,0.0,1,-0.0,1,1,1
175,2916.6667,0.0,1,-0.0,1,1,1
176,2933.3333,0.0,1,-0.0,1,1,1
177,2950.0,0.0,1,-0.0,1,1,1
178,2966.6667,0.0,1,-0.0,1,1,1
179,2983.3333,0.0,1,-0.0,1,1,1
180,3000.0,0.0,1,-0.0,1,1,1
